Date,Open,High,Low,Close,Adj Close,Volume
21/09/2012,9.85,10.09,9.8,9.82,9.528357,66200
24/09/2012,9.83,10.07,9.61,9.9,9.60598,44500
25/09/2012,9.93,9.99,9.57,9.58,9.295483,54400
26/09/2012,9.63,9.72,9.55,9.59,9.305186,29100
27/09/2012,9.6,9.71,9.44,9.57,9.28578,55300
28/09/2012,9.55,9.89,9.49,9.67,9.382811,26600
01/10/2012,9.73,9.88,9.32,9.55,9.266374,34000
02/10/2012,9.61,9.76,9.44,9.52,9.237267,19000
03/10/2012,9.5,9.51,9.26,9.28,9.004395,83700
04/10/2012,9.36,9.73,9.36,9.64,9.353702,46300
05/10/2012,9.69,9.73,9.52,9.54,9.256671,23700
08/10/2012,9.54,9.54,9.34,9.41,9.130532,80100
09/10/2012,9.41,9.58,9.4,9.49,9.208157,13800
10/10/2012,9.53,9.6,9.49,9.51,9.227561,23700
11/10/2012,9.59,9.7,9.55,9.67,9.382811,11800
12/10/2012,9.65,9.79,9.6,9.7,9.411921,92900
15/10/2012,9.74,9.89,9.67,9.89,9.596277,21400
16/10/2012,9.89,9.92,9.77,9.9,9.60598,16200
17/10/2012,9.94,10.33,9.74,10.32,10.013507,62900
18/10/2012,10.35,10.36,10.15,10.27,9.964993,19900
19/10/2012,10.19,10.19,9.72,9.97,9.673902,49300
22/10/2012,10.37,10.63,10.25,10.43,10.120242,72400
23/10/2012,10.4,10.58,10.1,10.13,9.829149,26400
24/10/2012,10.18,10.79,10.06,10.78,10.459845,90700
25/10/2012,10.87,10.97,10.74,10.97,10.644202,30500
26/10/2012,10.94,10.94,10.55,10.59,10.275486,30400
31/10/2012,10.56,10.87,10.5,10.63,10.314299,45900
01/11/2012,10.71,11.41,10.59,11.22,10.886778,66400
02/11/2012,11.22,11.22,10.83,10.85,10.527766,38600
05/11/2012,10.99,11.4,10.86,11.27,10.935293,48600
06/11/2012,11.27,11.44,11.14,11.43,11.09054,28200
07/11/2012,11.42,11.42,11.02,11.03,10.70242,44600
08/11/2012,11.02,11.32,10.85,10.85,10.551683,35200
09/11/2012,10.85,10.87,10.72,10.84,10.541954,25900
12/11/2012,10.95,11,10.78,10.88,10.580857,64300
13/11/2012,10.85,11.08,10.77,10.92,10.619759,32200
14/11/2012,10.95,11.07,10.73,10.8,10.503057,35100
15/11/2012,10.72,10.85,10.62,10.66,10.366907,61900
16/11/2012,10.58,10.98,10.57,10.92,10.619759,54800
19/11/2012,11.04,11.2,10.92,11.2,10.892057,34800
20/11/2012,11.22,11.22,10.67,11.08,10.775357,30100
21/11/2012,11.09,11.2,11,11.16,10.853157,12600
23/11/2012,11.2,11.26,11.12,11.21,10.901783,13400
26/11/2012,11.21,11.22,11,11.06,10.755909,34800
27/11/2012,11.1,11.13,10.83,10.86,10.561406,64900
28/11/2012,10.84,10.9,10.47,10.88,10.580857,43800
29/11/2012,10.97,11.19,10.61,11.11,10.804534,37300
30/11/2012,11.15,11.15,10.9,11.11,10.804534,31400
03/12/2012,11.22,11.23,10.77,11.14,10.833708,47700
04/12/2012,11.16,11.2,10.99,11.17,10.862885,14800
05/12/2012,11.18,11.19,11.06,11.07,10.765635,34100
06/12/2012,11.1,11.12,11,11.12,10.814259,41400
07/12/2012,11.18,11.18,11.01,11.14,10.833708,16900
10/12/2012,11.13,11.2,11.07,11.19,10.882335,37200
11/12/2012,11.2,11.39,11.1,11.35,11.037934,85600
12/12/2012,11.36,11.44,11.28,11.29,10.979585,22800
13/12/2012,11.28,11.36,11.11,11.24,10.930959,49300
14/12/2012,11.21,11.42,11.19,11.42,11.106009,26900
17/12/2012,11.47,11.5,11.43,11.5,11.183808,46200
18/12/2012,11.49,11.8,11.46,11.79,11.465836,28700
19/12/2012,11.92,11.99,11.85,11.91,11.58254,32100
20/12/2012,11.86,11.9,11.35,11.87,11.543636,42600
21/12/2012,11.75,11.81,11.46,11.56,11.242158,121800
24/12/2012,11.52,11.52,11.5,11.52,11.203259,21000
26/12/2012,11.48,11.62,11.33,11.43,11.115735,34200
27/12/2012,11.39,11.56,11.38,11.53,11.212986,24900
28/12/2012,11.5,11.85,11.5,11.65,11.329687,40400
31/12/2012,11.65,11.89,11.48,11.87,11.543636,62900
02/01/2013,11.91,13.52,11.9,13.45,13.080194,208100
03/01/2013,13.55,13.59,12.87,12.9,12.54532,106000
04/01/2013,12.99,13.25,12.48,13.22,12.85652,54800
07/01/2013,13.15,13.22,13,13.05,12.691195,33300
08/01/2013,13.05,13.25,12.96,13,12.642569,31700
09/01/2013,13,13.25,12.9,12.92,12.564769,37000
10/01/2013,13.08,13.09,12.95,12.98,12.623116,17200
11/01/2013,12.99,13.05,12.9,12.9,12.54532,20300
14/01/2013,12.88,13.15,12.88,13.06,12.70092,51900
15/01/2013,12.95,13.1,12.89,13.08,12.720367,23400
16/01/2013,13.08,13.1,12.96,13.07,12.710643,18700
17/01/2013,13.09,13.25,13.04,13.15,12.788443,47200
18/01/2013,13.1,13.96,13.1,13.85,13.469198,49200
22/01/2013,13.88,13.97,13.59,13.96,13.576171,37800
23/01/2013,13.85,14.57,13.85,14.33,13.935999,43000
24/01/2013,14.4,14.4,13.31,13.66,13.284422,70200
25/01/2013,13.67,13.72,13.1,13.66,13.284422,58900
28/01/2013,13.64,13.72,13.4,13.59,13.216345,62200
29/01/2013,13.57,14.03,13.5,14.02,13.634524,39600
30/01/2013,14,14.1,13.75,13.85,13.469198,59400
31/01/2013,13.87,14.08,13.65,13.98,13.595623,68900
01/02/2013,14.09,14.25,13.95,14.04,13.653975,40600
04/02/2013,13.94,14.27,13.85,13.95,13.566447,49200
05/02/2013,14.09,14.35,14,14.24,13.848475,47000
06/02/2013,14.19,14.85,14.19,14.59,14.188851,45000
07/02/2013,14.69,14.74,14.51,14.67,14.266651,57700
08/02/2013,14.67,14.74,14.6,14.72,14.315278,28900
11/02/2013,14.73,14.73,14.22,14.35,13.979193,48200
12/02/2013,14.32,14.86,14.32,14.81,14.427307,49300
13/02/2013,14.9,15.19,14.81,15.18,14.787744,52500
14/02/2013,15.09,15.28,14.98,15.24,14.846193,37200
15/02/2013,15.3,15.73,15.25,15.67,15.265084,83700
19/02/2013,15.7,16.459999,15.7,16.280001,15.859319,234600
20/02/2013,16.34,16.379999,15.4,15.41,15.011798,151400
21/02/2013,15.38,15.64,15,15.39,14.992318,64800
22/02/2013,15.58,16.379999,15.49,16.33,15.908031,104100
25/02/2013,16.530001,16.82,16.379999,16.450001,16.024931,152000
26/02/2013,16.75,17.15,16.4,16.99,16.550976,195700
27/02/2013,17.24,17.83,17.040001,17.620001,17.164696,205100
28/02/2013,17.639999,18.41,17.639999,18.200001,17.72971,141900
01/03/2013,18.049999,18.23,17.799999,17.959999,17.495911,185300
04/03/2013,18.16,18.41,18.02,18.35,17.875834,178400
05/03/2013,18.52,19.209999,18.52,18.91,18.421358,192200
06/03/2013,19.110001,19.26,18.549999,19.09,18.596708,174500
07/03/2013,19.200001,19.790001,19.120001,19.4,18.898699,235000
08/03/2013,20,20,19.209999,19.4,18.898699,292900
11/03/2013,19.540001,19.74,19,19.4,18.898699,199200
12/03/2013,19.41,19.620001,19.27,19.4,18.898699,174400
13/03/2013,19.540001,19.540001,19.18,19.33,18.830507,131500
14/03/2013,19.32,19.67,19,19.610001,19.103271,248400
15/03/2013,19.65,19.65,19.18,19.25,18.752569,445400
18/03/2013,19.01,19.549999,18.209999,19.42,18.91818,245500
19/03/2013,19.459999,19.92,19.26,19.610001,19.103271,189800
20/03/2013,19.75,20.57,19.67,20.52,19.989759,212500
21/03/2013,20.200001,20.709999,20.200001,20.379999,19.853374,216400
22/03/2013,20.389999,20.6,20.1,20.15,19.62932,199500
25/03/2013,20.459999,20.870001,20.299999,20.76,20.223553,237200
26/03/2013,20.93,21,20.66,20.969999,20.428129,180500
27/03/2013,20.99,21.49,20.809999,21.120001,20.574253,217800
28/03/2013,21.35,21.5,21.110001,21.25,20.700895,198300
01/04/2013,21.58,21.74,21.309999,21.42,20.866503,216300
02/04/2013,21.540001,21.65,21.309999,21.49,20.934692,197500
03/04/2013,21.65,21.65,20.209999,20.35,19.824152,210900
04/04/2013,20.43,21.559999,20.059999,21.440001,20.885984,215600
05/04/2013,21.030001,21.299999,20.6,20.790001,20.252779,178800
08/04/2013,20.969999,21.209999,20.85,21.01,20.467098,133000
09/04/2013,21.219999,21.75,21.219999,21.5,20.944427,154800
10/04/2013,21.620001,22.32,21.620001,21.629999,21.071072,229600
11/04/2013,21.719999,22.08,21.360001,21.48,20.924953,184100
12/04/2013,21.379999,21.379999,19.93,20.049999,19.5319,241500
15/04/2013,19.83,19.83,17.110001,17.209999,16.765289,846500
16/04/2013,17.469999,17.93,17.309999,17.49,17.038057,294900
17/04/2013,17.48,17.610001,16.620001,17.07,16.628908,199800
18/04/2013,17.049999,17.219999,16.6,16.780001,16.346403,132800
19/04/2013,16.799999,17.08,16.51,16.84,16.404852,137400
22/04/2013,16.84,17.040001,16.23,16.74,16.307432,157700
23/04/2013,16.889999,17.950001,16.6,17.799999,17.340042,295700
24/04/2013,18.190001,18.299999,17.559999,17.59,17.135469,258800
25/04/2013,17.59,18.34,17.59,17.91,17.447201,144400
26/04/2013,17.92,17.950001,17.450001,17.5,17.047792,100600
29/04/2013,17.549999,17.809999,17.25,17.450001,16.99909,176300
30/04/2013,17.4,17.65,17.209999,17.49,17.038057,142900
01/05/2013,17.41,17.41,16.6,16.68,16.248985,226700
02/05/2013,16.860001,16.969999,16.59,16.690001,16.258728,169200
03/05/2013,16.9,17.1,16.549999,16.879999,16.443813,606200
06/05/2013,16.92,17.27,16.84,17.129999,16.687353,91900
07/05/2013,17.34,17.34,16.9,17.15,16.706837,106800
08/05/2013,16.5,17.1,16.27,17.07,16.628908,142900
09/05/2013,16.940001,17.02,16.82,16.83,16.395105,85200
10/05/2013,16.719999,17.360001,16.719999,17.33,16.882187,66800
13/05/2013,17.33,17.42,17.049999,17.200001,16.755547,131800
14/05/2013,17.200001,17.629999,17.120001,17.25,16.828718,177600
15/05/2013,17.17,17.5,17.17,17.42,16.994562,76100
16/05/2013,17.42,17.799999,17.41,17.450001,17.02383,123200
17/05/2013,17.530001,17.76,17.450001,17.59,17.160408,117600
20/05/2013,17.5,17.74,17.4,17.469999,17.043344,78200
21/05/2013,17.530001,17.65,17.459999,17.5,17.072611,90700
22/05/2013,17.57,17.629999,16.629999,16.73,16.321411,146800
23/05/2013,16.469999,16.700001,16.25,16.6,16.194592,111700
24/05/2013,16.48,17.23,15.12,17.219999,16.799448,172800
28/05/2013,17.35,18,17.35,17.950001,17.511616,137900
29/05/2013,18.190001,19.6,18.190001,19.549999,19.072548,377600
30/05/2013,20.25,20.450001,19.280001,19.57,19.092056,228800
31/05/2013,19.41,19.43,18.91,18.93,18.467684,91500
03/06/2013,19.07,19.190001,18.469999,18.959999,18.496952,108800
04/06/2013,19.059999,19.07,18.049999,18.139999,17.696983,87900
05/06/2013,18.049999,18.139999,17.41,17.540001,17.111635,80200
06/06/2013,17.5,18.24,17.5,18.23,17.784784,101500
07/06/2013,18.43,19.120001,18.209999,19.040001,18.575001,139800
10/06/2013,19.040001,19.040001,18.51,18.860001,18.399395,77300
11/06/2013,18.610001,19.23,18.610001,18.73,18.272568,48200
12/06/2013,19.01,19.01,18.379999,18.75,18.292082,88300
13/06/2013,18.66,19.389999,18.66,19.27,18.799383,87800
14/06/2013,19.34,19.41,18.66,18.709999,18.253059,129800
17/06/2013,18.92,19.139999,18.66,18.91,18.448174,62500
18/06/2013,18.98,19.190001,18.620001,19.059999,18.594507,52400
19/06/2013,19.1,19.1,18.58,18.610001,18.155504,46900
20/06/2013,18.280001,18.35,16.719999,17.139999,16.721401,192100
21/06/2013,17.26,17.73,17.030001,17.200001,16.779938,123100
24/06/2013,16.950001,17.49,16.82,17.200001,16.779938,151000
25/06/2013,17.530001,17.73,17.35,17.450001,17.02383,76300
26/06/2013,17.639999,17.65,16.93,16.98,16.565308,121800
27/06/2013,17.200001,17.43,17.17,17.219999,16.799448,78600
28/06/2013,17.17,17.389999,16.940001,16.950001,16.536039,530200
01/07/2013,17.059999,17.700001,17.059999,17.450001,17.02383,45500
02/07/2013,17.450001,17.74,17.120001,17.43,17.00432,63000
03/07/2013,17.34,17.49,17.15,17.4,16.975052,44800
05/07/2013,17.620001,17.620001,17.299999,17.6,17.170168,71700
08/07/2013,17.639999,18.309999,17.49,18.120001,17.677471,70800
09/07/2013,18.32,18.549999,18.16,18.299999,17.853075,106200
10/07/2013,18.35,18.65,18.120001,18.559999,18.106724,101300
11/07/2013,18.799999,18.85,18.450001,18.76,18.301842,75600
12/07/2013,18.799999,19,18.559999,18.700001,18.243301,89400
15/07/2013,18.65,19.370001,18.549999,18.9,18.438417,144100
16/07/2013,18.879999,19.370001,18.879999,19.030001,18.565241,90200
17/07/2013,19.15,19.24,18.67,18.809999,18.350615,71700
18/07/2013,18.85,19.32,18.74,19.16,18.69207,128100
19/07/2013,19.110001,19.26,18.76,18.82,18.360369,51500
22/07/2013,18.719999,18.969999,18.51,18.82,18.360369,71600
23/07/2013,18.85,18.93,18.73,18.809999,18.350615,57100
24/07/2013,18.91,18.93,18.379999,18.41,17.960384,77600
25/07/2013,18.370001,19.32,18.309999,19.290001,18.818895,129900
26/07/2013,19.1,19.18,18.52,18.6,18.145744,96800
29/07/2013,18.530001,18.77,18.35,18.469999,18.018917,38800
30/07/2013,18.68,18.68,18.290001,18.5,18.048183,26100
31/07/2013,18.57,18.889999,18.26,18.76,18.301842,58000
01/08/2013,18.98,19.120001,18.610001,18.780001,18.32135,51400
02/08/2013,18.629999,18.799999,17.879999,17.9,17.462843,107700
05/08/2013,17.85,18.110001,17.85,18.01,17.570158,60700
06/08/2013,18.1,18.139999,17.57,17.700001,17.267723,68400
07/08/2013,17.639999,18.24,17.51,18.02,17.579906,61300
08/08/2013,18.27,18.43,17.73,17.99,17.55064,42900
09/08/2013,18.02,18.200001,17.639999,18.01,17.570158,82600
12/08/2013,17.85,18.6,17.76,18.6,18.170971,48800
13/08/2013,18.57,19.15,18.459999,18.959999,18.522661,182100
14/08/2013,19.040001,19.049999,18.77,18.889999,18.454281,62300
15/08/2013,18.549999,18.809999,18.34,18.48,18.053734,37000
16/08/2013,18.34,18.780001,18.07,18.66,18.229582,64000
19/08/2013,18.66,18.66,18.200001,18.25,17.829044,35700
20/08/2013,18.209999,18.4,18.129999,18.190001,17.77043,38000
21/08/2013,18.049999,18.299999,17.889999,18,17.584806,36500
22/08/2013,18.110001,18.35,18.1,18.290001,17.868116,14200
23/08/2013,18.32,18.42,17.790001,17.870001,17.457808,38100
26/08/2013,17.870001,17.98,17.709999,17.860001,17.448036,65200
27/08/2013,17.59,17.809999,17.33,17.440001,17.037725,58300
28/08/2013,17.389999,17.73,17.15,17.360001,16.959574,61200
29/08/2013,17.35,17.74,17.35,17.65,17.242882,43900
30/08/2013,17.66,17.74,17.530001,17.620001,17.213573,39400
03/09/2013,17.870001,17.879999,17.6,17.719999,17.311268,31300
04/09/2013,17.700001,17.799999,17.32,17.690001,17.281958,32200
05/09/2013,17.67,17.85,17.450001,17.77,17.360113,35400
06/09/2013,17.84,18.799999,17.389999,18.780001,18.346817,96700
09/09/2013,18.940001,18.950001,18.35,18.74,18.307739,81100
10/09/2013,18.83,18.92,18.709999,18.809999,18.376122,111400
11/09/2013,18.77,18.889999,18.73,18.799999,18.366352,40800
12/09/2013,18.75,18.950001,18.719999,18.809999,18.376122,69300
13/09/2013,18.9,19.08,18.690001,18.790001,18.356588,84400
16/09/2013,19.040001,19.040001,18.700001,18.75,18.317511,87800
17/09/2013,18.75,18.98,18.6,18.809999,18.376122,50800
18/09/2013,18.790001,19.040001,18.65,18.85,18.415203,106000
19/09/2013,18.84,19.040001,18.73,18.889999,18.454281,71400
20/09/2013,19.030001,19.120001,18.75,18.780001,18.346817,154400
23/09/2013,18.700001,18.92,18.639999,18.85,18.415203,77100
24/09/2013,18.83,18.860001,18.629999,18.780001,18.346817,81900
25/09/2013,18.780001,18.92,18.65,18.74,18.307739,54100
26/09/2013,18.719999,19,18.67,18.889999,18.454281,142400
27/09/2013,18.709999,19,18.709999,18.91,18.47382,161800
30/09/2013,18.85,19.5,18.77,19.4,18.952518,113100
01/10/2013,19.42,19.82,19.35,19.799999,19.343287,67500
02/10/2013,19.75,19.809999,19.32,19.42,18.972054,84300
03/10/2013,19.42,19.450001,18.889999,19.219999,18.776669,43700
04/10/2013,19.16,19.719999,19.16,19.280001,18.835285,31400
07/10/2013,19.030001,19.23,18.67,18.75,18.317511,104900
08/10/2013,18.799999,18.93,18.42,18.530001,18.102583,93200
09/10/2013,18.530001,18.969999,18.459999,18.74,18.307739,88200
10/10/2013,18.98,19.459999,18.98,19.309999,18.86459,153900
11/10/2013,19.18,19.74,19.18,19.42,18.972054,81300
14/10/2013,19.24,19.389999,19.15,19.200001,18.75713,80100
15/10/2013,19.139999,19.4,19,19.059999,18.620358,75800
16/10/2013,19.17,19.42,19.040001,19.17,18.727819,65100
17/10/2013,19.07,19.75,19.030001,19.75,19.294439,92000
18/10/2013,19.93,19.950001,19.530001,19.68,19.226057,62600
21/10/2013,19.65,20,19.57,20,19.538671,79000
22/10/2013,20.030001,20.030001,19.83,19.969999,19.509367,56300
23/10/2013,19.85,20,19.85,20,19.538671,48900
24/10/2013,19.99,20.299999,19.9,20.08,19.616831,98000
25/10/2013,20.17,20.25,20.040001,20.18,19.714521,59900
28/10/2013,20.200001,20.200001,19.709999,19.98,19.519133,92300
29/10/2013,19.99,20.09,19.799999,20,19.538671,49500
30/10/2013,20.059999,20.08,19.82,20.049999,19.587517,72100
31/10/2013,19.99,20.309999,19.93,20.09,19.6266,152300
01/11/2013,20.059999,20.35,20.030001,20.190001,19.724295,58300
04/11/2013,20.24,20.24,19.82,20,19.538671,53500
05/11/2013,19.91,19.91,19.26,19.66,19.206514,105300
06/11/2013,19.33,19.67,18.530001,19.530001,19.079521,274800
07/11/2013,19.549999,19.629999,19.07,19.18,18.737595,77800
08/11/2013,19.030001,19.48,19,19.299999,18.879429,68000
11/11/2013,19.219999,19.610001,19.07,19.42,18.996813,33800
12/11/2013,19.370001,19.59,18.950001,19.32,18.898994,76000
13/11/2013,19.16,19.5,19,19.24,18.820736,50100
14/11/2013,19.299999,19.4,18.83,19.059999,18.644663,125000
15/11/2013,19.049999,19.549999,19,19.5,19.075069,61900
18/11/2013,19.51,19.51,18.51,18.629999,18.224031,88800
19/11/2013,18.59,18.969999,18.52,18.790001,18.380543,76800
20/11/2013,18.860001,18.860001,18.200001,18.469999,18.06752,87400
21/11/2013,18.52,18.52,18.209999,18.25,17.85231,147200
22/11/2013,18.309999,18.57,18.219999,18.360001,17.959913,69800
25/11/2013,18.299999,18.879999,18.299999,18.66,18.253382,93000
26/11/2013,18.65,18.84,18.58,18.66,18.253382,53200
27/11/2013,18.639999,18.77,18.51,18.719999,18.312071,34500
29/11/2013,18.790001,18.85,18.68,18.77,18.360981,27700
02/12/2013,18.77,18.940001,18.26,18.41,18.008825,62600
03/12/2013,18.389999,18.809999,18.32,18.77,18.360981,43500
04/12/2013,18.700001,18.860001,18.469999,18.51,18.106649,23900
05/12/2013,18.450001,18.540001,18.360001,18.389999,17.98926,17600
06/12/2013,18.530001,18.530001,18.309999,18.379999,17.979477,33600
09/12/2013,18.35,18.389999,18.200001,18.27,17.871874,26100
10/12/2013,18.200001,18.25,17.780001,17.870001,17.480593,70000
11/12/2013,17.9,17.91,17.629999,17.790001,17.402334,64200
12/12/2013,17.77,17.77,17.370001,17.48,17.099094,68600
13/12/2013,17.48,17.549999,17.450001,17.469999,17.089308,34500
16/12/2013,17.49,17.58,17.15,17.200001,16.825195,68400
17/12/2013,17.129999,17.42,16.82,17.42,17.0404,101000
18/12/2013,17.48,17.950001,17.27,17.93,17.539286,56100
19/12/2013,17.82,17.940001,17.27,17.48,17.099094,49900
20/12/2013,17.440001,18.1,17.25,17.940001,17.549065,116500
23/12/2013,18.09,18.120001,17.74,17.92,17.529501,62200
24/12/2013,17.889999,17.959999,17.68,17.76,17.37299,44700
26/12/2013,17.76,19.65,17.690001,19.57,19.143545,181800
27/12/2013,19.68,20.620001,19.6,20.440001,19.994593,213400
30/12/2013,20.59,20.6,19.51,19.74,19.309837,168500
31/12/2013,19.790001,19.950001,19.5,19.530001,19.10442,45600
02/01/2014,19.459999,20.9,19.42,20.299999,19.857639,164500
03/01/2014,20.48,20.51,20.34,20.370001,19.926113,145100
06/01/2014,20.370001,20.51,19.879999,20.290001,19.847857,190500
07/01/2014,20.280001,20.57,20.280001,20.48,20.033714,155800
08/01/2014,20.379999,20.610001,20.379999,20.4,19.95546,167100
09/01/2014,20.4,20.57,20.370001,20.48,20.033714,195000
10/01/2014,20.5,20.959999,20.48,20.860001,20.405436,187500
13/01/2014,20.860001,21.67,20.799999,21.440001,20.972797,192300
14/01/2014,21.440001,22.280001,21.299999,21.860001,21.383646,245700
15/01/2014,21.83,21.83,21.290001,21.719999,21.246696,171700
16/01/2014,21.620001,21.91,21.620001,21.790001,21.315174,123700
17/01/2014,21.709999,21.84,21.6,21.790001,21.315174,73600
21/01/2014,21.98,22.48,21.440001,21.58,21.109743,183400
22/01/2014,21.540001,21.959999,21.379999,21.92,21.442337,230200
23/01/2014,21.92,21.98,21.629999,21.91,21.432558,135800
24/01/2014,21.73,21.9,21,21.09,20.630424,58200
27/01/2014,21.040001,21.129999,20.42,20.629999,20.180449,57400
28/01/2014,20.58,20.83,20.530001,20.799999,20.346739,83900
29/01/2014,20.559999,20.690001,20.4,20.530001,20.082626,73500
30/01/2014,20.629999,21.09,20.530001,21.02,20.561949,79200
31/01/2014,20.66,21.59,20.48,21.4,20.933668,107900
03/02/2014,21.33,21.450001,20.040001,20.16,19.720694,109900
04/02/2014,20.299999,21.23,20.219999,21,20.542387,143700
05/02/2014,20.91,21.33,20.24,20.370001,19.926113,111300
06/02/2014,20.5,20.799999,20.23,20.299999,19.857639,55000
07/02/2014,20.299999,20.719999,20.25,20.610001,20.160887,101500
10/02/2014,20.639999,20.639999,20.110001,20.42,19.975025,40900
11/02/2014,20.35,20.940001,20.33,20.75,20.322714,43400
12/02/2014,20.799999,21.1,20.799999,20.98,20.547976,62000
13/02/2014,20.799999,21.059999,20.639999,20.889999,20.459833,43400
14/02/2014,20.92,21.049999,20.549999,20.940001,20.508802,36800
18/02/2014,20.93,21.26,20.85,21.139999,20.704681,31900
19/02/2014,21.02,21.32,20.9,20.98,20.547976,47500
20/02/2014,20.82,21.129999,20.75,21.030001,20.596949,37300
21/02/2014,21.1,21.1,20.59,20.639999,20.214981,77900
24/02/2014,20.639999,20.639999,20.33,20.4,19.979923,51000
25/02/2014,20.379999,20.42,20.120001,20.26,19.842804,71300
26/02/2014,20.24,20.6,20.120001,20.379999,19.960329,67000
27/02/2014,20.32,20.639999,20.1,20.469999,20.048479,62300
28/02/2014,20.52,20.84,20.360001,20.43,20.0093,37500
03/03/2014,20.24,20.6,20.24,20.49,20.068069,54800
04/03/2014,20.629999,21,20.6,20.85,20.420658,74000
05/03/2014,20.780001,20.91,20.41,20.709999,20.283535,84000
06/03/2014,21.15,21.5,19.18,19.469999,19.069073,275200
07/03/2014,19.41,20.33,18.860001,19.83,19.421658,143100
10/03/2014,19.690001,19.73,18.959999,19.23,18.834017,252500
11/03/2014,19.200001,19.200001,18.83,19.02,18.628342,144400
12/03/2014,18.860001,18.91,18.639999,18.67,18.285545,217800
13/03/2014,18.17,18.34,16.799999,17.030001,16.679317,2073400
14/03/2014,17.02,17.41,16.709999,17.129999,16.777254,1165400
17/03/2014,17.280001,18.15,17.15,18.030001,17.658726,728200
18/03/2014,18.629999,18.65,17.780001,18.33,17.952549,928500
19/03/2014,18.280001,18.299999,17.549999,17.719999,17.355106,274700
20/03/2014,17.709999,17.76,17.42,17.719999,17.355106,361800
21/03/2014,17.75,17.809999,17.42,17.610001,17.247374,275800
24/03/2014,17.58,17.58,17.25,17.360001,17.002522,160300
25/03/2014,17.41,18.040001,17.4,17.82,17.453049,205200
26/03/2014,18,18.110001,17.73,17.84,17.472637,261900
27/03/2014,17.799999,17.870001,17.57,17.65,17.286549,155200
28/03/2014,17.719999,17.860001,17.549999,17.59,17.227783,97900
31/03/2014,17.67,18.280001,17.58,18.24,17.864401,180300
01/04/2014,18.219999,18.370001,17.91,18.27,17.893785,123100
02/04/2014,18.27,18.469999,17.9,18.33,17.952549,102800
03/04/2014,18.309999,18.58,18.200001,18.32,17.942751,249900
04/04/2014,18.43,18.459999,17.85,17.99,17.619547,124700
07/04/2014,17.9,17.9,17.65,17.780001,17.413874,275600
08/04/2014,17.75,18.5,17.700001,18.09,17.717491,357800
09/04/2014,18.110001,18.299999,17.870001,18.24,17.864401,235600
10/04/2014,18.200001,18.24,17.82,17.85,17.482431,154600
11/04/2014,17.719999,17.860001,17.549999,17.559999,17.198402,193900
14/04/2014,17.719999,17.719999,17.200001,17.33,16.973137,127100
15/04/2014,17.34,17.459999,17.120001,17.299999,16.943756,141500
16/04/2014,17.42,17.639999,17.16,17.440001,17.080873,94100
17/04/2014,17.4,17.6,17.200001,17.6,17.237577,250500
21/04/2014,17.58,17.58,17.15,17.370001,17.012316,118000
22/04/2014,17.4,17.57,17.290001,17.34,16.982937,67800
23/04/2014,17.35,17.49,17,17.040001,16.689112,81600
24/04/2014,17.190001,17.190001,16.719999,17.02,16.669521,332100
25/04/2014,16.950001,17.049999,16.780001,16.959999,16.610756,198300
28/04/2014,17,17,15.9,16.34,16.003529,346100
29/04/2014,16.34,16.52,15.94,16.030001,15.69991,166600
30/04/2014,16,16.190001,15.55,16.09,15.758675,360000
01/05/2014,16.139999,16.5,15.92,16.120001,15.788057,193700
02/05/2014,16.18,16.459999,16.120001,16.23,15.895789,96300
05/05/2014,16.129999,16.290001,15.95,16.18,15.846817,78800
06/05/2014,16.110001,16.25,15.93,15.98,15.650937,82100
07/05/2014,15.98,15.98,15.5,15.79,15.46485,120500
08/05/2014,15.5,16.33,15.25,15.62,15.298351,161300
09/05/2014,15.52,15.86,15.26,15.66,15.337528,98900
12/05/2014,15.77,16.299999,15.7,16.040001,15.709703,94200
13/05/2014,15.96,16.09,15.79,15.81,15.508611,78000
14/05/2014,16.01,16.9,16.01,16.67,16.352215,254100
15/05/2014,16.530001,16.870001,16.530001,16.860001,16.538597,235500
16/05/2014,16.790001,17.25,16.5,16.91,16.587639,148200
19/05/2014,16.790001,17.16,16.67,16.879999,16.558214,129100
20/05/2014,16.860001,17.01,16.610001,16.73,16.41107,161700
21/05/2014,16.799999,17.23,16.690001,17,16.675924,180200
22/05/2014,16.969999,17.25,16.85,17.209999,16.881924,135500
23/05/2014,17.26,18.9,16.959999,17.299999,16.970205,168500
27/05/2014,17.389999,18.110001,17.33,17.9,17.558769,191800
28/05/2014,17.93,18.540001,17.860001,18.440001,18.088478,156500
29/05/2014,18.41,18.690001,18.23,18.32,17.97076,213200
30/05/2014,18.41,18.549999,18.27,18.370001,18.01981,131800
02/06/2014,18.389999,18.41,17.92,17.959999,17.617624,129200
03/06/2014,17.940001,17.940001,17.290001,17.33,16.999638,121800
04/06/2014,17.34,17.73,17.25,17.66,17.323343,92800
05/06/2014,17.700001,18.030001,17.5,17.85,17.509718,67800
06/06/2014,17.940001,18.200001,17.68,17.9,17.558769,49900
09/06/2014,17.860001,17.93,17.6,17.84,17.499914,47200
10/06/2014,17.690001,17.77,17.48,17.68,17.34296,70600
11/06/2014,17.68,17.77,17.540001,17.690001,17.35277,53700
12/06/2014,17.68,17.700001,17.379999,17.6,17.26449,133000
13/06/2014,17.6,17.6,17,17.209999,16.881924,100500
16/06/2014,17.219999,17.299999,17.049999,17.23,16.901539,65400
17/06/2014,17.190001,17.219999,17.02,17.209999,16.881924,113400
18/06/2014,17.16,17.969999,17.09,17.93,17.588196,90100
19/06/2014,17.99,18.049999,17.43,17.73,17.392004,59400
20/06/2014,17.75,17.75,17.41,17.440001,17.107538,109200
23/06/2014,17.4,17.450001,17.18,17.360001,17.029062,38500
24/06/2014,17.42,17.6,17.16,17.23,16.901539,39900
25/06/2014,17.129999,17.379999,17,17.33,16.999638,70900
26/06/2014,17.379999,17.379999,17,17.209999,16.881924,59400
27/06/2014,17.08,17.33,17.040001,17.200001,16.87211,387000
30/06/2014,17.17,17.200001,16.9,17.129999,16.803448,124500
01/07/2014,17.219999,17.700001,17.129999,17.49,17.156582,382100
02/07/2014,17.49,17.610001,17.27,17.33,16.999638,55700
03/07/2014,17.360001,17.360001,17.23,17.299999,16.970205,29300
07/07/2014,17.32,17.32,16.9,16.92,16.59745,59700
08/07/2014,16.9,16.91,16.5,16.610001,16.293365,90400
09/07/2014,16.59,16.75,16.34,16.530001,16.214888,78400
10/07/2014,16.27,16.690001,16.08,16.41,16.097172,73900
11/07/2014,16.34,16.5,16.23,16.26,15.950031,95300
14/07/2014,16.43,16.540001,16.35,16.52,16.20508,159400
15/07/2014,16.5,16.5,16.17,16.200001,15.891177,103400
16/07/2014,16.299999,16.33,16,16.139999,15.832319,79000
17/07/2014,16.040001,16.17,15.92,16.040001,15.734227,140700
18/07/2014,15.98,16.16,15.98,16.08,15.773462,158600
21/07/2014,16,16.1,15.91,16,15.694987,71800
22/07/2014,16.040001,16.48,15.95,16.27,15.959841,209400
23/07/2014,16.32,16.41,16.09,16.17,15.861749,57900
24/07/2014,16.15,16.4,15.76,16.290001,15.979461,85400
25/07/2014,16.200001,16.41,16.08,16.09,15.783273,118300
28/07/2014,16.07,16.200001,15.98,16.07,15.763654,64200
29/07/2014,16.110001,16.389999,16,16.16,15.851934,73900
30/07/2014,16.27,16.290001,16.139999,16.190001,15.881367,43200
31/07/2014,16.040001,16.5,16.040001,16.129999,15.822511,96800
01/08/2014,16.129999,16.309999,15.95,16.040001,15.734227,64000
04/08/2014,16.07,16.190001,15.95,16.040001,15.734227,72000
05/08/2014,16.030001,16.18,15.9,16.02,15.714607,60800
06/08/2014,17,18.219999,16.52,17.879999,17.53915,316400
07/08/2014,18.02,18.65,17.639999,17.719999,17.3822,139800
08/08/2014,17.709999,17.860001,17.48,17.59,17.254675,85400
11/08/2014,17.700001,17.84,17.459999,17.540001,17.205633,77700
12/08/2014,17.559999,17.85,17.450001,17.77,17.431246,62900
13/08/2014,17.790001,18.030001,17.629999,17.870001,17.554035,57000
14/08/2014,17.889999,18.200001,17.84,18.049999,17.730854,103700
15/08/2014,18.24,18.280001,18.08,18.190001,17.868378,119000
18/08/2014,18.280001,18.690001,18.24,18.59,18.261309,136200
19/08/2014,18.549999,18.68,18.41,18.450001,18.123777,52700
20/08/2014,18.41,18.530001,18.209999,18.41,18.084484,60500
21/08/2014,18.450001,19.16,18.290001,18.84,18.506886,109500
22/08/2014,18.82,19.110001,18.440001,18.49,18.163074,47500
25/08/2014,18.51,18.870001,18.370001,18.4,18.074667,45400
26/08/2014,18.41,18.68,18.360001,18.559999,18.23184,38900
27/08/2014,18.59,18.690001,18.49,18.59,18.261309,54500
28/08/2014,18.540001,18.65,18.440001,18.52,18.192545,37600
29/08/2014,18.51,18.68,18.5,18.639999,18.310421,55800
02/09/2014,18.889999,19.030001,18.77,18.860001,18.526531,84300
03/09/2014,18.940001,18.959999,18.67,18.83,18.497063,52800
04/09/2014,18.889999,18.969999,18.41,18.41,18.084484,35700
05/09/2014,18.299999,18.530001,18.120001,18.5,18.172897,110400
08/09/2014,18.559999,18.780001,18.42,18.559999,18.23184,102500
09/09/2014,18.469999,18.67,18.450001,18.52,18.192545,44200
10/09/2014,18.530001,18.700001,18.450001,18.6,18.271128,60400
11/09/2014,18.48,18.68,18.48,18.620001,18.290777,44800
12/09/2014,18.65,18.719999,18.4,18.540001,18.212191,65900
15/09/2014,18.530001,18.57,18.4,18.450001,18.123777,95200
16/09/2014,18.450001,18.690001,18.450001,18.57,18.241661,34300
17/09/2014,18.540001,18.65,18.41,18.629999,18.300596,57000
18/09/2014,18.6,18.77,18.49,18.610001,18.280952,59200
19/09/2014,18.639999,18.639999,18.129999,18.26,17.937141,63900
22/09/2014,18.209999,18.290001,18.01,18.219999,17.897846,54200
23/09/2014,18.15,18.209999,17.91,17.91,17.593332,49800
24/09/2014,17.9,18.24,17.77,18.08,17.760321,60000
25/09/2014,18.01,18.049999,17.65,17.780001,17.465628,47400
26/09/2014,17.780001,17.82,17.620001,17.73,17.416508,25300
29/09/2014,17.610001,17.85,17.52,17.66,17.34775,39200
30/09/2014,17.700001,17.780001,17.290001,17.33,17.023584,56000
01/10/2014,17.280001,17.52,17.18,17.309999,17.003939,68500
02/10/2014,17.280001,17.719999,17.18,17.66,17.34775,45700
03/10/2014,17.85,18.219999,17.66,17.969999,17.652269,52100
06/10/2014,18.110001,18.110001,17.809999,17.950001,17.632622,114300
07/10/2014,17.85,18.1,17.77,17.84,17.524567,60900
08/10/2014,17.76,18.23,17.299999,18.040001,17.721033,70800
09/10/2014,18.040001,18.1,17.639999,17.99,17.671913,62100
10/10/2014,17.940001,18.200001,17.790001,17.870001,17.554035,96100
13/10/2014,17.93,18.24,17.700001,18.07,17.750498,47500
14/10/2014,18.129999,18.5,17.9,18.219999,17.897846,74700
15/10/2014,18.16,18.209999,17.719999,18.16,17.838909,63800
16/10/2014,18.190001,18.620001,18.17,18.450001,18.123777,38600
17/10/2014,18.709999,18.709999,18.030001,18.059999,17.740673,67700
20/10/2014,18.040001,18.219999,17.68,17.91,17.593332,62600
21/10/2014,17.92,18.66,17.870001,18.59,18.261309,201700
22/10/2014,18.540001,18.65,18.280001,18.42,18.094311,37200
23/10/2014,18.51,18.99,18.450001,18.73,18.398832,216000
24/10/2014,18.790001,18.959999,18.690001,18.889999,18.555998,35200
27/10/2014,18.73,19.049999,18.540001,18.959999,18.624762,79300
28/10/2014,18.93,19.32,18.93,19.23,18.889994,103800
29/10/2014,19.26,19.299999,18.889999,18.99,18.654232,66900
30/10/2014,18.959999,19.67,18.77,19.49,19.145391,110500
31/10/2014,19.84,20.02,19.549999,19.959999,19.607079,114400
03/11/2014,19.959999,20.09,19.459999,19.58,19.233805,69100
04/11/2014,19.610001,19.629999,19.219999,19.459999,19.115927,49900
05/11/2014,19.469999,19.5,19.17,19.469999,19.125748,50100
06/11/2014,19.49,19.5,19.23,19.41,19.066807,38100
07/11/2014,19.309999,19.309999,19.049999,19.18,18.840872,38800
10/11/2014,19.110001,19.34,19.040001,19.309999,18.99333,48200
11/11/2014,19.26,19.309999,18.889999,19.01,18.698252,60600
12/11/2014,18.950001,19.530001,18.92,19.299999,18.983494,125600
13/11/2014,19.379999,19.5,19.1,19.43,19.111364,75200
14/11/2014,19.49,19.92,19.33,19.469999,19.150709,60500
17/11/2014,19.52,19.73,19.4,19.57,19.249069,70300
18/11/2014,19.639999,19.709999,19.43,19.530001,19.209726,54300
19/11/2014,19.379999,19.73,19.209999,19.25,18.934313,45800
20/11/2014,19.120001,19.6,19.02,19.549999,19.229397,30000
21/11/2014,19.73,19.73,19.559999,19.620001,19.29825,44500
24/11/2014,19.540001,19.65,19.33,19.52,19.199892,30700
25/11/2014,19.59,19.639999,19.540001,19.6,19.278576,45000
26/11/2014,19.639999,19.639999,19.43,19.52,19.199892,17800
28/11/2014,19.469999,19.629999,19.16,19.209999,18.89497,32900
01/12/2014,19.25,19.49,19.17,19.370001,19.052349,64700
02/12/2014,19.360001,19.709999,19.35,19.440001,19.121201,28800
03/12/2014,19.370001,19.73,19.35,19.49,19.17038,36400
04/12/2014,19.540001,19.65,19.33,19.43,19.111364,28400
05/12/2014,19.379999,19.59,19.379999,19.549999,19.229397,25200
08/12/2014,19.549999,19.65,19.24,19.26,18.944151,23700
09/12/2014,19.110001,20.049999,19.02,19.98,19.652346,56400
10/12/2014,19.969999,20.07,19.24,19.299999,18.983494,49300
11/12/2014,19.43,19.73,19.219999,19.35,19.032677,30400
12/12/2014,19.200001,19.6,19.200001,19.34,19.022842,32800
15/12/2014,19.51,19.59,19.17,19.35,19.032677,58000
16/12/2014,19.379999,20.049999,19.379999,19.73,19.406441,66300
17/12/2014,19.709999,20.08,19.58,20.08,19.750704,79500
18/12/2014,20.08,20.629999,20,20.49,20.15398,82800
19/12/2014,20.48,21.15,20.48,20.780001,20.439224,261500
22/12/2014,20.860001,21.200001,20.49,20.879999,20.537582,88500
23/12/2014,20.879999,21,20.6,20.809999,20.468733,23800
24/12/2014,20.92,20.99,20.73,20.860001,20.517912,17600
26/12/2014,20.73,21,20.639999,20.950001,20.60644,22900
29/12/2014,21,21.299999,20.85,21.190001,20.842499,45100
30/12/2014,21.15,21.280001,20.99,21,20.655619,31600
31/12/2014,20.969999,21.190001,20.950001,20.950001,20.60644,26900
02/01/2015,20.950001,20.98,20.02,20.16,19.829395,42300
05/01/2015,19.99,20.15,19.66,20.049999,19.721189,46600
06/01/2015,20.030001,20.360001,19.41,20.16,19.829395,68600
07/01/2015,20.32,20.5,19.85,20.15,19.819553,28300
08/01/2015,20.1,20.790001,20.08,20.57,20.232668,101600
09/01/2015,20.559999,20.67,20.389999,20.440001,20.104801,41200
12/01/2015,20.35,20.5,20.030001,20.190001,19.858902,38300
13/01/2015,20.34,20.860001,20.09,20.299999,19.967098,115400
14/01/2015,20.1,20.889999,20.1,20.68,20.340864,38600
15/01/2015,20.82,21.940001,20.610001,21.530001,21.176926,240000
16/01/2015,21.48,21.879999,21.4,21.450001,21.098238,68700
20/01/2015,21.35,21.74,20.74,21.290001,20.940865,64700
21/01/2015,21.17,21.33,20.870001,21.049999,20.704796,29600
22/01/2015,21.200001,21.77,21.02,21.68,21.324465,225800
23/01/2015,21.68,21.99,21.33,21.809999,21.452335,56800
26/01/2015,21.93,22.469999,21.610001,22.379999,22.012985,136800
27/01/2015,22.309999,22.84,22.1,22.66,22.288397,136300
28/01/2015,22.68,22.99,22.299999,22.77,22.396591,128700
29/01/2015,22.809999,22.91,22.059999,22.469999,22.101509,101400
30/01/2015,22.24,22.459999,21.719999,21.799999,21.442499,64600
02/02/2015,21.82,22.08,21.620001,22.030001,21.668724,27100
03/02/2015,22.049999,22.709999,22.049999,22.43,22.062166,55000
04/02/2015,22.459999,22.809999,22.17,22.33,21.963806,35700
05/02/2015,22.49,22.5,22.18,22.32,21.953968,42500
06/02/2015,22.34,22.690001,22.15,22.33,21.963806,157500
09/02/2015,22.33,22.629999,21.67,21.84,21.481844,66400
10/02/2015,21.82,21.940001,21.66,21.75,21.393316,28800
11/02/2015,21.65,21.969999,21.41,21.879999,21.54595,63100
12/02/2015,21.950001,22.4,21.950001,22.07,21.733051,56300
13/02/2015,22.059999,22.48,22.059999,22.33,21.989084,48800
17/02/2015,22.280001,22.5,22.26,22.469999,22.126944,47300
18/02/2015,22.5,22.85,22.459999,22.690001,22.343586,54000
19/02/2015,22.620001,23.290001,22.620001,22.790001,22.44206,40000
20/02/2015,22.85,22.950001,22.549999,22.68,22.333735,47700
23/02/2015,22.639999,22.700001,22.450001,22.549999,22.205721,38800
24/02/2015,22.51,22.74,22.51,22.58,22.235262,44500
25/02/2015,22.799999,22.809999,22.459999,22.49,22.146641,237100
26/02/2015,23.190001,23.190001,22.559999,22.77,22.422363,132500
27/02/2015,22.83,23.01,22.67,22.99,22.639004,202000
02/03/2015,23.08,23.639999,22.99,23.440001,23.082134,97400
03/03/2015,23.450001,23.99,23.190001,23.969999,23.604042,170800
04/03/2015,23.969999,24.09,23.65,23.67,23.308622,124200
05/03/2015,23.73,24.24,23.6,23.83,23.466181,80900
06/03/2015,23.66,23.92,23.299999,23.41,23.052591,96800
09/03/2015,23.41,24.09,23.41,23.9,23.53511,85800
10/03/2015,23.75,24,23.549999,23.950001,23.584349,91400
11/03/2015,23.99,24.1,23.82,24.059999,23.692665,45300
12/03/2015,24.110001,24.75,24.01,24.1,23.732056,99800
13/03/2015,24.139999,24.52,23.93,24.290001,23.919159,65300
16/03/2015,24.5,24.67,24.25,24.32,23.948696,124800
17/03/2015,24.190001,24.549999,23.92,24.51,24.135799,110900
18/03/2015,24.389999,24.610001,24.09,24.25,23.879766,693000
19/03/2015,24.299999,24.450001,24,24.35,23.978245,86800
20/03/2015,24.469999,24.91,24.35,24.629999,24.253963,243000
23/03/2015,24.690001,24.99,24.530001,24.549999,24.175188,101700
24/03/2015,24.559999,25.110001,24.51,25,24.618319,103700
25/03/2015,25.120001,25.200001,24.51,24.74,24.362284,278700
26/03/2015,24.65,25.030001,24.65,24.76,24.381979,99300
27/03/2015,24.76,24.9,24.690001,24.690001,24.313051,112000
30/03/2015,24.700001,24.719999,24.059999,24.1,23.732056,84700
31/03/2015,23.98,24.01,23.68,23.870001,23.505571,124600
01/04/2015,23.85,23.950001,23.35,23.549999,23.190453,99900
02/04/2015,23.549999,23.700001,23.440001,23.540001,23.180607,80300
06/04/2015,23.48,23.76,23.35,23.620001,23.259388,83100
07/04/2015,23.620001,23.700001,23.370001,23.389999,23.032896,197300
08/04/2015,23.4,23.629999,23.4,23.549999,23.190453,48000
09/04/2015,23.65,23.799999,23.25,23.450001,23.091982,57600
10/04/2015,23.57,23.67,23.42,23.66,23.298775,47200
13/04/2015,23.6,23.77,23.42,23.559999,23.2003,69300
14/04/2015,23.549999,23.74,22.98,23.25,22.895035,159100
15/04/2015,23.33,24.120001,23.290001,24.059999,23.692665,215100
16/04/2015,24.129999,24.18,24.059999,24.17,23.800991,55700
17/04/2015,23.98,24.030001,23.5,23.57,23.21015,59500
20/04/2015,23.639999,24.07,23.51,23.76,23.397247,29500
21/04/2015,23.75,23.9,23.559999,23.860001,23.495722,292100
22/04/2015,23.889999,24.43,23.75,24.290001,23.919159,40100
23/04/2015,24.190001,24.309999,24.059999,24.110001,23.741909,54400
24/04/2015,24.26,24.299999,23.85,24.110001,23.741909,63800
27/04/2015,24.129999,24.4,23.77,23.950001,23.584349,63000
28/04/2015,23.92,24.23,23.75,24.120001,23.751751,36400
29/04/2015,24.17,24.17,23.83,23.99,23.623737,69100
30/04/2015,23.82,23.93,23.35,23.639999,23.279081,107500
01/05/2015,23.59,23.74,23.48,23.6,23.239695,56700
04/05/2015,23.6,23.940001,23.51,23.65,23.288929,223800
05/05/2015,23.68,23.76,23.4,23.629999,23.26923,160400
06/05/2015,24.25,25.370001,23.860001,24.309999,23.93885,282200
07/05/2015,24.49,24.73,24.25,24.450001,24.076717,230200
08/05/2015,24.469999,24.530001,23.870001,24.469999,24.096405,192300
11/05/2015,24.5,24.65,24.32,24.469999,24.096405,88000
12/05/2015,24.450001,24.5,24,24.43,24.081625,71400
13/05/2015,24.42,24.559999,24.1,24.5,24.150623,137400
14/05/2015,24.52,25.02,24.41,25,24.643494,79700
15/05/2015,24.969999,25.23,24.860001,25.17,24.811069,92000
18/05/2015,25.209999,25.639999,24.9,25.4,25.03779,137300
19/05/2015,25.48,25.65,25.1,25.389999,25.027935,198500
20/05/2015,25.469999,25.620001,25.139999,25.33,24.968786,59900
21/05/2015,25.370001,25.57,25.23,25.440001,25.077219,105900
22/05/2015,25.440001,25.629999,25.1,25.34,24.978647,116900
26/05/2015,25.32,25.559999,24.6,24.92,24.564634,100600
27/05/2015,24.959999,25.200001,24.6,25.129999,24.771641,52400
28/05/2015,25.16,25.17,24.790001,25.01,24.653351,47500
29/05/2015,24.99,25.08,24.41,24.879999,24.525208,170200
01/06/2015,24.91,25.219999,24.59,25.049999,24.692781,90900
02/06/2015,25.02,25.209999,24.879999,25.030001,24.673067,82700
03/06/2015,24.99,25.049999,24.549999,24.959999,24.604063,187100
04/06/2015,24.809999,24.959999,24.75,24.889999,24.535061,205300
05/06/2015,24.85,24.879999,24.65,24.85,24.495636,56400
08/06/2015,24.75,24.84,24.51,24.540001,24.190058,75600
09/06/2015,24.51,24.67,24.26,24.6,24.249201,86300
10/06/2015,24.67,24.969999,24.26,24.33,23.983047,219200
11/06/2015,24.33,24.74,24.17,24.209999,23.864759,183400
12/06/2015,24.219999,24.41,24.120001,24.33,23.983047,79700
15/06/2015,24.120001,24.23,23.790001,24.07,23.726757,136500
16/06/2015,24.059999,24.450001,23.940001,24.18,23.835188,91000
17/06/2015,24.290001,24.469999,24.15,24.34,23.992907,181200
18/06/2015,24.42,24.700001,24.34,24.41,24.061907,86800
19/06/2015,24.48,24.780001,24.17,24.75,24.397058,334800
22/06/2015,24.799999,24.940001,24.459999,24.52,24.170341,128900
23/06/2015,24.57,24.84,24.450001,24.67,24.318199,166400
24/06/2015,24.620001,24.690001,24.24,24.389999,24.042194,73400
25/06/2015,24.41,24.57,24.26,24.4,24.052053,83100
26/06/2015,24.469999,24.52,24.209999,24.35,24.002762,126000
29/06/2015,24.18,24.27,23.67,23.68,23.342319,87800
30/06/2015,23.83,24.08,23.700001,23.879999,23.539465,42400
01/07/2015,24,24.02,23.799999,23.9,23.559181,49900
02/07/2015,23.959999,24.09,23.690001,23.76,23.421179,52400
06/07/2015,23.629999,24.059999,23.51,23.950001,23.608471,84000
07/07/2015,23.860001,23.969999,23.549999,23.780001,23.440889,93900
08/07/2015,23.59,23.690001,22.52,23.059999,22.731159,167600
09/07/2015,23.290001,23.57,23.290001,23.35,23.017023,47800
10/07/2015,23.59,24,23.09,23.290001,22.957882,132100
13/07/2015,23.4,23.700001,23.23,23.59,23.253601,140300
14/07/2015,23.530001,23.99,23.51,23.85,23.509895,56700
15/07/2015,23.799999,23.91,23.5,23.530001,23.194458,54600
16/07/2015,23.639999,23.91,23.540001,23.629999,23.29303,76100
17/07/2015,23.68,23.93,23.51,23.67,23.33246,41700
20/07/2015,23.530001,23.969999,23.530001,23.58,23.243742,161500
21/07/2015,23.58,23.91,23.450001,23.68,23.342319,117200
22/07/2015,23.6,24.57,23.59,24.5,24.150623,98600
23/07/2015,24.51,24.52,23.950001,24.25,23.90419,100500
24/07/2015,24.200001,24.459999,23.77,23.84,23.500038,73800
27/07/2015,23.799999,24,23.51,23.639999,23.302889,48000
28/07/2015,23.719999,23.719999,23.299999,23.370001,23.036743,51100
29/07/2015,23.379999,23.780001,23.24,23.690001,23.352179,85900
30/07/2015,23.58,23.809999,23.450001,23.620001,23.283175,63100
31/07/2015,23.709999,24.26,23.48,24.030001,23.687325,59900
03/08/2015,24.08,24.08,23.299999,23.42,23.086025,66000
04/08/2015,23.43,23.43,23.129999,23.25,22.918451,71800
05/08/2015,22.9,23.42,20.030001,22.65,22.327007,594900
06/08/2015,22.639999,23.110001,21.969999,22.809999,22.484724,126300
07/08/2015,22.889999,23.59,22.67,22.73,22.405867,160900
10/08/2015,23.07,23.379999,22.77,23.34,23.007166,168100
11/08/2015,23.190001,23.870001,23.16,23.68,23.342319,98600
12/08/2015,23.5,23.73,23.23,23.450001,23.140028,86500
13/08/2015,23.6,23.879999,23.35,23.42,23.110422,157300
14/08/2015,23.34,23.799999,23.280001,23.42,23.110422,126200
17/08/2015,23.309999,24.07,23.190001,23.799999,23.485401,95400
18/08/2015,23.67,24.1,23.33,23.74,23.426195,74400
19/08/2015,23.59,24,23.32,23.540001,23.228836,85600
20/08/2015,23.52,23.9,23.43,23.450001,23.140028,114200
21/08/2015,23.01,23.75,23.01,23.34,23.031483,171800
24/08/2015,22.43,22.690001,21.709999,21.709999,21.423025,232500
25/08/2015,22.190001,22.799999,21.99,22.110001,21.817741,153500
26/08/2015,22.469999,22.84,21.82,22.23,21.936152,211200
27/08/2015,22.309999,22.99,22.309999,22.959999,22.656507,613800
28/08/2015,22.84,23.290001,22.68,23.24,22.932804,240900
31/08/2015,23,23.620001,22.75,22.950001,22.646635,216700
01/09/2015,22.65,22.75,21.879999,21.959999,21.669722,210700
02/09/2015,22.219999,22.219999,22,22.190001,21.896683,260500
03/09/2015,22.280001,22.92,22.200001,22.440001,22.143375,133500
04/09/2015,22.18,22.809999,22.18,22.639999,22.340734,132500
08/09/2015,22.92,23.23,22.76,23,22.695976,85200
09/09/2015,23.15,23.15,22.629999,22.68,22.380205,63500
10/09/2015,22.629999,22.969999,22.540001,22.610001,22.311132,30400
11/09/2015,22.450001,22.92,22.27,22.780001,22.478886,78100
14/09/2015,22.76,22.799999,22.200001,22.43,22.133511,105600
15/09/2015,22.450001,22.58,22.16,22.27,21.975626,42800
16/09/2015,22.360001,22.469999,22.1,22.16,21.867079,47200
17/09/2015,22.17,22.700001,22.120001,22.280001,21.985493,85100
18/09/2015,22.030001,22.23,21.530001,21.620001,21.334219,152300
21/09/2015,21.639999,21.950001,21.42,21.74,21.452629,114400
22/09/2015,21.49,21.66,21.27,21.4,21.117126,177500
23/09/2015,21.42,21.709999,20.92,21.209999,20.929636,191000
24/09/2015,21.15,21.280001,20.98,21.049999,20.771751,69700
25/09/2015,21.190001,21.43,20.709999,20.790001,20.515192,159500
28/09/2015,20.799999,21,20.6,20.67,20.396772,101000
29/09/2015,20.85,21.290001,20.59,20.889999,20.613869,246000
30/09/2015,21,21.83,21,21.59,21.304615,134300
01/10/2015,21.65,21.799999,21.26,21.65,21.363821,52800
02/10/2015,21.559999,21.709999,21.299999,21.59,21.304615,47600
05/10/2015,21.690001,21.93,21.530001,21.85,21.561178,69100
06/10/2015,21.74,21.74,21.02,21.23,20.949371,142000
07/10/2015,21.25,21.549999,21.049999,21.200001,20.919769,183500
08/10/2015,21.120001,21.24,21.09,21.200001,20.919769,91000
09/10/2015,21.26,21.540001,21.24,21.459999,21.176334,78800
12/10/2015,21.42,21.75,21.41,21.690001,21.40329,28600
13/10/2015,21.51,22.190001,21.51,21.940001,21.649988,128400
14/10/2015,21.870001,22.07,21.6,21.99,21.699327,151300
15/10/2015,22.02,22.24,21.4,22.209999,21.916418,122800
16/10/2015,22.299999,22.370001,21.76,21.92,21.630249,62000
19/10/2015,21.780001,22.110001,21.77,22.030001,21.7388,80300
20/10/2015,21.950001,22.360001,21.879999,22.25,21.955889,74500
21/10/2015,22.26,22.32,21.98,22.059999,21.768402,146200
22/10/2015,22.120001,22.129999,21.639999,21.83,21.541441,92000
23/10/2015,21.940001,22.17,21.65,21.99,21.699327,171200
26/10/2015,22,22.059999,21.76,21.85,21.561178,48200
27/10/2015,21.709999,21.84,21.27,21.43,21.146729,60600
28/10/2015,21.459999,22.27,21.379999,22.209999,21.916418,90000
29/10/2015,22.030001,22.15,21.389999,21.540001,21.255278,126100
30/10/2015,21.459999,21.68,21.25,21.51,21.225672,121100
02/11/2015,21.49,21.75,21.4,21.6,21.314482,185500
03/11/2015,21.549999,21.68,21.42,21.459999,21.176334,186300
04/11/2015,21.299999,22.16,21.01,21.98,21.689459,117800
05/11/2015,22.040001,22.959999,21.950001,22.940001,22.63677,176900
06/11/2015,23,24.17,22.700001,24.129999,23.811037,170300
09/11/2015,24.129999,24.129999,23.1,23.35,23.041351,167600
10/11/2015,23.35,23.59,23.27,23.450001,23.164829,238900
11/11/2015,23.83,24.120001,23.5,23.799999,23.510574,188800
12/11/2015,23.610001,23.629999,23.139999,23.15,22.868479,159200
13/11/2015,23.040001,23.82,22.879999,23.620001,23.332764,115200
16/11/2015,23.5,23.780001,23.23,23.719999,23.431545,82300
17/11/2015,23.719999,24.51,23.620001,24.4,24.103279,221100
18/11/2015,24.32,24.959999,24.27,24.879999,24.577438,201500
19/11/2015,24.870001,24.870001,23.870001,23.950001,23.658749,126800
20/11/2015,24.09,24.370001,23.98,24.09,23.797047,129200
23/11/2015,23.969999,24.75,23.879999,24.5,24.202061,279000
24/11/2015,24.379999,25.17,24.129999,24.870001,24.567562,194900
25/11/2015,24.91,25.17,24.889999,24.940001,24.636709,90700
27/11/2015,24.959999,25.129999,24.73,24.790001,24.488535,85100
30/11/2015,24.93,25.02,24.65,24.690001,24.389751,143800
01/12/2015,24.93,24.93,24.58,24.84,24.537928,108100
02/12/2015,24.84,25.959999,24.84,25.559999,25.24917,201300
03/12/2015,25.559999,25.790001,24.629999,24.67,24.369991,164300
04/12/2015,24.68,25.780001,24.66,25.59,25.278807,143400
07/12/2015,25.59,25.690001,25.059999,25.23,24.923182,82100
08/12/2015,24.98,25.190001,24.73,24.77,24.468779,61400
09/12/2015,24.75,25,24.35,24.360001,24.063763,123200
10/12/2015,24.42,24.629999,24.23,24.280001,23.984735,53200
11/12/2015,24,24.139999,23.66,23.959999,23.668625,111500
14/12/2015,23.92,24.540001,23.84,24.25,23.955101,160400
15/12/2015,24.379999,24.530001,24.139999,24.34,24.044006,86700
16/12/2015,24.43,24.58,24.110001,24.42,24.123034,75200
17/12/2015,24.51,24.809999,24.23,24.389999,24.093397,63600
18/12/2015,24.24,24.530001,24.1,24.370001,24.073641,234700
21/12/2015,24.48,24.77,24.08,24.209999,23.915585,53500
22/12/2015,24.290001,24.41,24.01,24.32,24.024248,56100
23/12/2015,24.4,24.719999,24.35,24.700001,24.39963,93400
24/12/2015,24.67,24.85,24.299999,24.4,24.103279,26800
28/12/2015,24.360001,24.41,23.879999,24.27,23.974859,58300
29/12/2015,24.48,24.92,24.16,24.690001,24.389751,61700
30/12/2015,24.68,24.77,24,24.190001,23.895832,63000
31/12/2015,24.27,24.5,23.73,24.1,23.806927,163200
04/01/2016,23.85,23.85,23.24,23.43,23.145073,93200
05/01/2016,23.42,23.610001,23.07,23.49,23.204344,131100
06/01/2016,23.25,23.450001,23.17,23.370001,23.085802,51300
07/01/2016,22.959999,23.209999,22.559999,22.82,22.542492,75600
08/01/2016,22.91,23.110001,22.42,22.59,22.315287,121000
11/01/2016,22.67,22.809999,22.35,22.459999,22.186869,90700
12/01/2016,22.540001,22.76,22.129999,22.58,22.305408,144400
13/01/2016,22.58,22.76,21.91,22.209999,21.939905,270300
14/01/2016,22.35,22.629999,21.959999,22.5,22.226381,76500
15/01/2016,21.99,22.43,21.82,22.200001,21.930031,129400
19/01/2016,22.450001,22.48,21.700001,21.940001,21.673193,61200
20/01/2016,21.629999,22.51,21.129999,22.35,22.078205,100100
21/01/2016,22.34,22.639999,22,22.049999,21.781857,92800
22/01/2016,22.33,22.52,21.889999,22.120001,21.851004,155400
25/01/2016,22.08,22.209999,21.83,21.99,21.722586,71900
26/01/2016,21.99,22.15,21.83,21.99,21.722586,61500
27/01/2016,21.98,22.32,21.709999,21.91,21.643557,67000
28/01/2016,22.040001,22.25,21.84,22.08,21.811489,57800
29/01/2016,22.24,22.43,22,22.190001,21.920151,126200
01/02/2016,22.309999,22.74,22.129999,22.48,22.206627,93700
02/02/2016,22.34,22.530001,21.91,22.08,21.811489,150500
03/02/2016,22.280001,22.280001,21.32,22,21.73246,108500
04/02/2016,21.940001,22.07,21.200001,21.309999,21.050854,171700
05/02/2016,21.299999,21.440001,20.82,20.9,20.64584,92900
08/02/2016,20.73,21.110001,20.25,20.9,20.64584,76800
09/02/2016,20.780001,21.209999,20.540001,20.66,20.40876,35500
10/02/2016,20.73,21.08,20.379999,20.42,20.196115,61900
11/02/2016,20.16,21,19.879999,20.75,20.522501,142600
12/02/2016,20.82,20.82,20.32,20.41,20.186226,66900
16/02/2016,20.639999,20.76,20.34,20.6,20.374144,122200
17/02/2016,20.32,22.25,20.32,20.959999,20.730194,153000
18/02/2016,20.870001,21,20.389999,20.559999,20.334579,238500
19/02/2016,20.49,21.17,20.42,21.07,20.838989,59200
22/02/2016,21.209999,21.48,20.73,20.83,20.601622,84300
23/02/2016,20.68,20.879999,20,20.059999,19.840063,142800
24/02/2016,19.799999,20.09,19.030001,20.08,19.859844,227800
25/02/2016,20.27,21.4,20.27,20.950001,20.720304,180900
26/02/2016,20.959999,21.219999,20.48,20.690001,20.463156,80200
29/02/2016,20.58,20.9,20.530001,20.610001,20.384033,74600
01/03/2016,20.65,20.709999,20.27,20.709999,20.482935,46900
02/03/2016,20.559999,20.83,20.35,20.83,20.601622,106100
03/03/2016,20.77,21.01,20.51,20.780001,20.552168,68300
04/03/2016,20.780001,21.01,20.540001,20.799999,20.571949,105200
07/03/2016,20.74,20.99,20.290001,20.57,20.344473,112900
08/03/2016,20.530001,20.530001,20.200001,20.32,20.097212,171400
09/03/2016,20.35,20.620001,20.24,20.549999,20.32469,92500
10/03/2016,20.74,20.83,20.219999,20.41,20.186226,56500
11/03/2016,20.52,20.84,20.469999,20.799999,20.571949,46100
14/03/2016,20.799999,20.83,20.450001,20.59,20.364252,60700
15/03/2016,20.540001,20.57,20.200001,20.35,20.126886,108400
16/03/2016,20.25,20.559999,20.25,20.440001,20.215899,75800
17/03/2016,20.389999,20.6,20.18,20.469999,20.245565,54400
18/03/2016,20.610001,21.15,20.51,20.969999,20.740088,133900
21/03/2016,20.84,21.02,20.549999,21.01,20.779646,96800
22/03/2016,20.85,20.959999,20.559999,20.870001,20.641184,72500
23/03/2016,20.780001,20.85,20.690001,20.76,20.532387,65200
24/03/2016,20.690001,20.83,20.4,20.67,20.443375,183000
28/03/2016,20.690001,20.9,20.57,20.799999,20.571949,49200
29/03/2016,20.73,21.17,20.73,21.16,20.928001,132000
30/03/2016,21.18,21.469999,21.110001,21.34,21.10603,170200
31/03/2016,21.290001,21.719999,21.290001,21.610001,21.373068,77800
01/04/2016,21.52,21.74,21.34,21.700001,21.462082,85100
04/04/2016,21.719999,21.940001,21.450001,21.860001,21.620329,123100
05/04/2016,21.76,21.92,21.549999,21.66,21.422522,113400
06/04/2016,21.620001,21.709999,21.360001,21.6,21.363176,53500
07/04/2016,21.450001,21.67,21.25,21.379999,21.14559,55900
08/04/2016,21.459999,21.6,21.34,21.530001,21.293947,71400
11/04/2016,21.629999,21.950001,21.469999,21.540001,21.303837,131700
12/04/2016,21.530001,22.24,21.32,22.049999,21.808243,196800
13/04/2016,22.1,22.389999,21.959999,22.309999,22.065392,86600
14/04/2016,22.35,22.379999,22.190001,22.24,21.996162,38000
15/04/2016,22.120001,22.200001,21.700001,21.85,21.610435,244800
18/04/2016,21.709999,22.27,21.67,22.27,22.025829,174700
19/04/2016,22.24,22.469999,22.059999,22.32,22.075285,65400
20/04/2016,22.23,22.459999,21.98,22.17,21.926929,89500
21/04/2016,22.110001,22.41,22.049999,22.209999,21.96649,56700
22/04/2016,23,23.75,22.74,23.360001,23.103882,357900
25/04/2016,23.299999,23.85,23.17,23.73,23.469824,117500
26/04/2016,24,24.6,23.48,24.309999,24.043467,363100
27/04/2016,24.23,24.940001,24.23,24.700001,24.429192,156000
28/04/2016,24.530001,24.879999,24.530001,24.85,24.577547,113600
29/04/2016,24.73,24.76,24.43,24.43,24.162151,63300
02/05/2016,24.549999,24.549999,24.01,24.200001,23.934673,162000
03/05/2016,23.889999,23.940001,23.370001,23.76,23.499496,231000
04/05/2016,23.639999,24.030001,23.6,23.65,23.390701,86100
05/05/2016,23.74,23.790001,23.469999,23.469999,23.212675,101100
06/05/2016,23.42,23.82,23.370001,23.709999,23.450043,51400
09/05/2016,23.629999,23.940001,23.49,23.84,23.578619,94100
10/05/2016,23.860001,24.08,23.66,23.73,23.469824,42600
11/05/2016,23.690001,23.780001,23.309999,23.49,23.256958,58300
12/05/2016,23.5,23.860001,23.309999,23.559999,23.326263,72100
13/05/2016,23.450001,23.690001,23.389999,23.530001,23.296562,37800
16/05/2016,23.5,23.799999,23.389999,23.58,23.346067,79700
17/05/2016,23.52,23.99,23.26,23.35,23.118349,290300
18/05/2016,23.32,23.440001,23.120001,23.280001,23.049044,63400
19/05/2016,23.25,23.25,22.83,23.110001,22.880728,67700
20/05/2016,23.17,23.57,23.08,23.35,23.118349,47200
23/05/2016,23.290001,23.34,22.959999,23,22.771818,65900
24/05/2016,23.129999,23.379999,22.68,23.25,23.019337,306800
25/05/2016,23.23,23.389999,22.959999,22.99,22.761919,59500
26/05/2016,23.059999,23.110001,22.860001,22.9,22.672812,59800
27/05/2016,22.85,23.32,22.85,23.209999,22.979736,290500
31/05/2016,23.309999,23.74,23.18,23.540001,23.306461,82600
01/06/2016,23.4,23.67,23.32,23.65,23.415371,61800
02/06/2016,23.76,23.879999,23.67,23.790001,23.553982,62900
03/06/2016,23.639999,23.73,23.35,23.4,23.167852,32200
06/06/2016,23.35,23.58,23.219999,23.459999,23.227257,36800
07/06/2016,23.51,23.549999,23.27,23.389999,23.157951,25700
08/06/2016,23.4,23.540001,23.26,23.4,23.167852,33800
09/06/2016,23.379999,23.450001,23.17,23.299999,23.068846,42500
10/06/2016,23.26,23.389999,22.950001,23.049999,22.821321,43300
13/06/2016,23,23.059999,22.57,22.68,22.454994,49400
14/06/2016,22.620001,22.91,22.58,22.65,22.425289,58800
15/06/2016,22.67,22.959999,22.65,22.719999,22.494596,57900
16/06/2016,22.690001,22.9,22.41,22.82,22.593603,63300
17/06/2016,22.790001,22.799999,22.299999,22.370001,22.148067,200600
20/06/2016,22.530001,22.780001,22.48,22.48,22.256979,40000
21/06/2016,22.77,22.84,22.4,22.700001,22.474796,89200
22/06/2016,22.780001,22.780001,22.370001,22.530001,22.306484,69700
23/06/2016,22.65,22.9,22.629999,22.85,22.62331,53600
24/06/2016,22.17,22.65,22.110001,22.620001,22.39559,447400
27/06/2016,22.34,22.389999,21.969999,22.01,21.791643,102700
28/06/2016,22.190001,22.450001,22.040001,22.27,22.049061,79900
29/06/2016,22.51,22.860001,22.51,22.809999,22.583704,62700
30/06/2016,22.84,23.709999,22.77,23.68,23.445074,117300
01/07/2016,23.629999,23.629999,23.120001,23.280001,23.049044,51300
05/07/2016,23.139999,23.16,22.950001,23.030001,22.801523,92300
06/07/2016,22.959999,23.52,22.959999,23.469999,23.237156,59100
07/07/2016,23.459999,23.700001,23.290001,23.66,23.42527,162400
08/07/2016,23.780001,24.17,23.639999,24.049999,23.811401,104700
11/07/2016,24.17,24.34,24.129999,24.26,24.019318,59700
12/07/2016,24.379999,24.379999,24.15,24.16,23.920311,54300
13/07/2016,24.200001,24.610001,23.809999,24.370001,24.128229,100100
14/07/2016,24.6,24.700001,24.25,24.32,24.078724,56300
15/07/2016,24.440001,24.48,24.139999,24.32,24.078724,94600
18/07/2016,24.41,24.58,24.190001,24.370001,24.128229,47600
19/07/2016,24.4,24.440001,24.040001,24.15,23.910408,85100
20/07/2016,24.18,24.32,24.08,24.190001,23.950016,36600
21/07/2016,24.08,24.48,24.08,24.43,24.18763,165200
22/07/2016,24.469999,24.969999,24.450001,24.889999,24.643068,52000
25/07/2016,24.780001,24.780001,24.530001,24.67,24.425251,33200
26/07/2016,24.709999,24.870001,24.5,24.67,24.425251,66000
27/07/2016,24.18,24.530001,24.110001,24.360001,24.11833,63700
28/07/2016,24.290001,24.5,24.110001,24.48,24.237135,150100
29/07/2016,24.42,24.67,24.290001,24.309999,24.068823,53700
01/08/2016,24.43,24.43,23.549999,23.66,23.42527,145200
02/08/2016,23.639999,23.75,23.32,23.370001,23.138151,58400
03/08/2016,23.370001,23.6,23.280001,23.540001,23.306461,89000
04/08/2016,23.51,23.540001,23.23,23.32,23.088644,49500
05/08/2016,23.459999,23.77,23.459999,23.700001,23.464874,48200
08/08/2016,23.67,24.120001,23.65,23.969999,23.732195,106100
09/08/2016,23.99,24.040001,23.540001,23.549999,23.316364,65500
10/08/2016,23.65,23.940001,23.299999,23.4,23.167852,42700
11/08/2016,23.49,23.709999,23.360001,23.450001,23.217356,82000
12/08/2016,23.32,23.799999,23.32,23.75,23.564625,93900
15/08/2016,23.809999,24.09,23.67,23.9,23.713451,79100
16/08/2016,23.879999,24.09,23.58,23.77,23.584467,69300
17/08/2016,23.74,23.75,23.52,23.629999,23.445559,56000
18/08/2016,23.540001,23.879999,23.540001,23.74,23.554699,38600
19/08/2016,23.73,23.799999,23.379999,23.719999,23.534857,204800
22/08/2016,23.620001,23.74,23.5,23.6,23.415794,276000
23/08/2016,23.57,23.950001,23.57,23.870001,23.683687,32400
24/08/2016,23.76,23.790001,23.549999,23.65,23.465405,95300
25/08/2016,23.629999,23.809999,23.440001,23.76,23.574545,73700
26/08/2016,23.74,23.91,23.4,23.49,23.306652,32300
29/08/2016,23.49,23.65,23.379999,23.440001,23.257044,38200
30/08/2016,23.58,23.719999,23.49,23.639999,23.455482,64400
31/08/2016,23.559999,23.65,23.35,23.440001,23.257044,39800
01/09/2016,23.450001,23.48,23.26,23.42,23.237198,49500
02/09/2016,23.450001,23.93,23.41,23.84,23.653919,31300
06/09/2016,23.780001,23.790001,23.43,23.68,23.495169,43500
07/09/2016,23.690001,23.889999,23.690001,23.85,23.663843,143500
08/09/2016,23.799999,23.83,23.549999,23.6,23.415794,32600
09/09/2016,23.530001,23.530001,23.02,23.030001,22.850245,115900
12/09/2016,22.9,22.950001,22.74,22.85,22.671646,109100
13/09/2016,22.75,22.889999,22.530001,22.809999,22.631958,59300
14/09/2016,22.809999,22.879999,22.66,22.690001,22.512896,33700
15/09/2016,22.700001,23.25,22.530001,23.01,22.830399,42300
16/09/2016,22.959999,23.209999,22.959999,23.16,22.979227,82600
19/09/2016,23.219999,23.27,22.959999,23.120001,22.939539,34300
20/09/2016,23.17,23.26,22.98,23.07,22.889929,35200
21/09/2016,23.209999,23.58,23.030001,23.379999,23.197508,70900
22/09/2016,23.49,24.18,23.49,24.1,23.911892,56700
23/09/2016,24.129999,24.219999,23.879999,24.049999,23.86228,56800
26/09/2016,23.940001,24,23.469999,23.629999,23.445559,30100
27/09/2016,23.549999,23.75,23.52,23.639999,23.455482,40200
28/09/2016,23.6,23.790001,23.5,23.75,23.564625,24200
29/09/2016,23.83,23.85,23.51,23.6,23.415794,42600
30/09/2016,23.74,23.84,23.620001,23.65,23.465405,131500
03/10/2016,23.68,23.809999,23.549999,23.629999,23.445559,37700
04/10/2016,23.620001,23.76,23.389999,23.58,23.395948,76400
05/10/2016,23.59,23.68,23.32,23.459999,23.276886,29900
06/10/2016,23.360001,23.48,23.290001,23.42,23.237198,31000
07/10/2016,23.15,23.35,23.059999,23.209999,23.028837,59000
10/10/2016,23.370001,23.530001,23.370001,23.469999,23.286806,37900
11/10/2016,23.389999,23.469999,23.110001,23.27,23.088369,58400
12/10/2016,23.309999,23.57,23.190001,23.469999,23.286806,45500
13/10/2016,23.34,23.66,23.219999,23.379999,23.197508,47600
14/10/2016,23.43,23.690001,23.27,23.559999,23.376106,68000
17/10/2016,23.57,24.16,23.559999,23.9,23.713451,130400
18/10/2016,24.040001,24.41,23.799999,23.92,23.733295,59800
19/10/2016,23.959999,24.549999,23.790001,24.5,24.308769,90800
20/10/2016,24.360001,24.5,24.01,24.35,24.159939,79900
21/10/2016,24.18,24.4,23.870001,24.209999,24.021032,172600
24/10/2016,24.360001,24.66,24.200001,24.290001,24.100409,33200
25/10/2016,24.24,24.370001,24.16,24.26,24.070642,38400
26/10/2016,25.25,25.290001,24.17,24.17,23.981344,185200
27/10/2016,24.34,24.34,23.860001,24.02,23.832516,136000
28/10/2016,23.870001,24.25,23.43,23.57,23.386026,131400
31/10/2016,23.6,23.77,23.440001,23.639999,23.455482,118700
01/11/2016,23.67,23.84,23.360001,23.440001,23.257044,144900
02/11/2016,23.440001,23.860001,23.42,23.49,23.306652,123700
03/11/2016,23.48,23.860001,23.379999,23.41,23.227278,82600
04/11/2016,23.57,23.639999,23.42,23.48,23.29673,98500
07/11/2016,23.719999,24.09,23.58,23.719999,23.534857,101700
08/11/2016,23.84,24.41,23.73,24.26,24.070642,190800
09/11/2016,23.950001,24.9,23.59,24.889999,24.746727,170200
10/11/2016,25,25.459999,24.25,24.379999,24.239662,176500
11/11/2016,24.389999,25.809999,24.389999,25.540001,25.392988,242600
14/11/2016,25.91,25.98,25.379999,25.4,25.253792,148400
15/11/2016,25.450001,25.59,25.200001,25.42,25.273678,91300
16/11/2016,25.77,25.91,25.379999,25.809999,25.66143,180300
17/11/2016,25.85,26.24,25.73,26.110001,25.959707,285600
18/11/2016,26.16,26.440001,25.969999,26.42,26.267921,71500
21/11/2016,26.5,26.6,26.370001,26.5,26.34746,48400
22/11/2016,26.57,26.790001,26.5,26.73,26.576138,52900
23/11/2016,26.75,27.1,26.6,27.02,26.864468,146300
25/11/2016,27,27.129999,26.91,26.99,26.834641,48800
28/11/2016,26.93,27.620001,26.870001,27.49,27.33176,126100
29/11/2016,27.6,27.780001,27.290001,27.370001,27.212452,60200
30/11/2016,27.23,27.629999,27.01,27.139999,26.983776,89700
01/12/2016,27.139999,27.549999,27.1,27.290001,27.132914,111400
02/12/2016,27.27,27.57,26.950001,27.5,27.341703,60200
05/12/2016,27.709999,27.950001,27.6,27.790001,27.630035,83900
06/12/2016,27.780001,28.190001,27.65,28.18,28.01779,189100
07/12/2016,28.15,28.84,28.120001,28.59,28.425428,116400
08/12/2016,28.59,28.809999,28.370001,28.780001,28.614336,79400
09/12/2016,28.860001,28.860001,28.6,28.780001,28.614336,95300
12/12/2016,28.65,28.84,28.549999,28.799999,28.634222,140600
13/12/2016,28.799999,28.860001,28.540001,28.66,28.495028,95200
14/12/2016,28.620001,28.83,28.33,28.530001,28.365776,108800
15/12/2016,28.469999,28.809999,28.290001,28.620001,28.455259,110800
16/12/2016,28.75,28.98,28.74,28.860001,28.693876,330200
19/12/2016,29,29.059999,28.559999,28.73,28.564623,80900
20/12/2016,28.879999,29.059999,28.620001,28.91,28.743587,79700
21/12/2016,28.9,29.09,28.84,28.84,28.67399,50600
22/12/2016,28.719999,28.85,28.459999,28.77,28.604395,54800
23/12/2016,28.82,29.040001,28.58,28.690001,28.524855,28700
27/12/2016,28.620001,29.110001,28.620001,28.93,28.763472,82600
28/12/2016,28.870001,29.1,28.65,28.719999,28.554682,30700
29/12/2016,28.700001,28.959999,28.65,28.77,28.604395,44300
30/12/2016,28.719999,28.83,28.459999,28.639999,28.47514,56000
03/01/2017,28.860001,28.860001,28.25,28.530001,28.365776,107900
04/01/2017,28.66,28.879999,28.26,28.5,28.335947,130100
05/01/2017,28.450001,28.76,28,28.280001,28.117216,93400
06/01/2017,28.32,28.67,28.059999,28.17,28.007847,129900
09/01/2017,28.040001,28.24,27.52,27.52,27.361588,79300
10/01/2017,27.440001,27.65,27.32,27.51,27.351646,109600
11/01/2017,27.540001,27.75,27.059999,27.67,27.510725,68300
12/01/2017,27.709999,27.709999,27.139999,27.25,27.093143,63800
13/01/2017,27.18,27.440001,27.030001,27.379999,27.222395,176700
17/01/2017,27.33,27.459999,27.059999,27.290001,27.132914,59700
18/01/2017,27.299999,27.370001,27.040001,27.27,27.113028,62100
19/01/2017,27.200001,27.5,26.93,26.959999,26.804813,62700
20/01/2017,26.93,27.129999,26.93,26.99,26.834641,61900
23/01/2017,26.9,26.959999,26.48,26.6,26.446884,71600
24/01/2017,26.76,27.030001,26.559999,26.889999,26.735214,51700
25/01/2017,26.969999,27.09,26.809999,26.85,26.695446,29000
26/01/2017,26.870001,27.01,26.620001,26.620001,26.46677,65100
27/01/2017,26.6,26.719999,26.459999,26.52,26.367344,64800
30/01/2017,26.51,26.51,26.18,26.23,26.079014,121600
31/01/2017,26.25,26.25,25.93,25.950001,25.800625,221900
01/02/2017,26.110001,26.43,25.85,26.07,25.919935,160600
02/02/2017,26,26.110001,25.549999,26.01,25.860281,93800
03/02/2017,26.18,26.5,26.040001,26.469999,26.317631,53300
06/02/2017,26.15,26.639999,26.15,26.610001,26.456827,97900
07/02/2017,26.65,26.889999,26.360001,26.469999,26.317631,44200
08/02/2017,26.360001,26.51,26.15,26.4,26.248035,53200
09/02/2017,26.41,26.629999,26.290001,26.360001,26.257998,48600
10/02/2017,26.540001,26.790001,26.360001,26.6,26.497068,43900
13/02/2017,26.799999,26.950001,26.26,26.6,26.497068,87200
14/02/2017,26.65,28.280001,26.65,27.5,27.393585,333800
15/02/2017,27.4,27.82,27.26,27.67,27.562927,161000
16/02/2017,26.360001,27.98,26.360001,26.82,26.716215,401400
17/02/2017,26.6,26.799999,26.5,26.52,26.417379,68800
21/02/2017,26.65,27.299999,26.65,27.26,27.154514,79000
22/02/2017,27.15,27.41,26.83,26.99,26.885559,27200
23/02/2017,27.129999,27.200001,26.639999,26.76,26.65645,43400
24/02/2017,26.540001,26.790001,26.540001,26.549999,26.447262,70200
27/02/2017,26.52,26.59,26.299999,26.41,26.307804,134900
28/02/2017,26.42,26.42,25.57,25.77,25.67028,124000
01/03/2017,26.01,26.379999,25.860001,25.9,25.799776,55900
02/03/2017,25.83,25.92,25.66,25.77,25.67028,41800
03/03/2017,25.780001,26.07,25.459999,25.780001,25.680243,70400
06/03/2017,25.68,25.889999,25.440001,25.83,25.730047,42600
07/03/2017,25.700001,25.879999,25.549999,25.84,25.740009,45600
08/03/2017,25.99,26.1,25.77,26.01,25.909351,63400
09/03/2017,26.17,27.120001,26.07,26.32,26.218151,98900
10/03/2017,26.700001,26.92,26.4,26.49,26.387495,86500
13/03/2017,26.469999,26.620001,26.02,26.559999,26.457222,43300
14/03/2017,26.370001,26.5,26.18,26.309999,26.208191,77400
15/03/2017,26.370001,26.67,26.360001,26.620001,26.516993,53300
16/03/2017,26.49,26.66,26.459999,26.629999,26.526951,44500
17/03/2017,26.700001,27.15,26.629999,27.059999,26.955288,92700
20/03/2017,27.16,27.190001,26.860001,27.049999,26.945326,38300
21/03/2017,27.110001,27.26,26.469999,26.540001,26.437302,90200
22/03/2017,26.48,26.74,26.41,26.6,26.497068,64700
23/03/2017,26.6,27.440001,26.6,27.059999,26.955288,144800
24/03/2017,27.09,27.33,26.74,26.82,26.716215,117200
27/03/2017,26.709999,26.75,26.379999,26.6,26.497068,78400
28/03/2017,26.450001,26.959999,26.280001,26.93,26.825792,45300
29/03/2017,26.9,27.200001,26.73,27.08,26.97521,77300
30/03/2017,27.08,27.299999,26.85,27.040001,26.935368,79200
31/03/2017,27,27.219999,26.950001,27.120001,27.015057,109400
03/04/2017,27.040001,27.129999,26.719999,26.76,26.65645,69300
04/04/2017,26.82,26.82,26.290001,26.41,26.307804,74200
05/04/2017,26.49,26.610001,26.26,26.32,26.218151,77700
06/04/2017,26.280001,26.48,26.08,26.32,26.218151,125800
07/04/2017,26.219999,27.1,26.059999,26.860001,26.756063,164700
10/04/2017,26.959999,27.450001,26.959999,27.09,26.985172,78300
11/04/2017,27.030001,27.74,27.02,27.74,27.632658,142400
12/04/2017,27.700001,27.74,27.290001,27.299999,27.194359,105400
13/04/2017,27.15,27.370001,27,27.059999,26.955288,52300
17/04/2017,27.01,27.51,27.01,27.49,27.383625,56500
18/04/2017,27.41,27.42,27.08,27.42,27.313894,41400
19/04/2017,27.5,27.6,27.27,27.41,27.303934,43600
20/04/2017,27.469999,27.610001,27.33,27.58,27.473276,93200
21/04/2017,27.57,27.709999,27.469999,27.639999,27.533043,69600
24/04/2017,27.76,28.17,27.639999,28.15,28.041069,219800
25/04/2017,28.459999,28.82,28.299999,28.58,28.469406,66400
26/04/2017,28.57,28.959999,28.32,28.82,28.708477,154100
27/04/2017,28.120001,28.389999,27.01,27.16,27.054901,227700
28/04/2017,27.27,27.75,27.24,27.35,27.244167,97100
01/05/2017,27.33,27.559999,27.18,27.32,27.214283,39600
02/05/2017,27.469999,28.07,27.41,27.58,27.473276,63900
03/05/2017,27.59,27.59,27.139999,27.26,27.154514,113400
04/05/2017,27.290001,27.32,26.969999,27.24,27.13459,73500
05/05/2017,27.469999,27.469999,26.92,27.25,27.144554,93200
08/05/2017,27.24,27.26,26.860001,26.98,26.875599,52900
09/05/2017,27.1,27.4,26.99,27.26,27.154514,73300
10/05/2017,27.17,27.59,27.120001,27.26,27.154514,70300
11/05/2017,27.07,27.16,26.629999,26.969999,26.915005,54300
12/05/2017,26.85,27.02,26.690001,26.709999,26.655535,56000
15/05/2017,26.799999,27.139999,26.469999,26.49,26.435984,107700
16/05/2017,26.450001,26.530001,25.98,26.17,26.116636,128300
17/05/2017,25.860001,26,25.41,25.559999,25.507879,107200
18/05/2017,25.620001,25.82,25.27,25.610001,25.557779,135800
19/05/2017,25.66,26.42,25.530001,26.08,26.026819,112500
22/05/2017,26.1,26.26,25.889999,26.139999,26.086697,72700
23/05/2017,26.25,26.25,25.98,26.129999,26.076717,51000
24/05/2017,26.129999,26.209999,25.91,26.110001,26.056759,41000
25/05/2017,26.26,26.280001,26,26.09,26.036798,50200
26/05/2017,26.1,26.360001,25.780001,26.219999,26.166533,81100
30/05/2017,26.290001,26.440001,25.92,26.32,26.266329,150900
31/05/2017,26.43,26.49,25.93,26.290001,26.236393,94600
01/06/2017,26.48,26.65,26.24,26.629999,26.575697,64500
02/06/2017,26.629999,27.379999,26.629999,26.91,26.855127,81100
05/06/2017,26.9,26.93,26.59,26.73,26.675493,54200
06/06/2017,26.67,26.68,26.440001,26.530001,26.475903,73000
07/06/2017,26.43,26.43,26.1,26.23,26.176514,52800
08/06/2017,26.360001,26.559999,26.139999,26.41,26.356146,63400
09/06/2017,26.35,26.690001,26.35,26.559999,26.50584,83300
12/06/2017,26.530001,26.84,26.530001,26.74,26.685472,109500
13/06/2017,26.780001,27.040001,26.65,26.889999,26.835167,126600
14/06/2017,26.879999,27.09,26.74,26.889999,26.835167,111100
15/06/2017,26.68,27.120001,26.68,27,26.944942,88600
16/06/2017,26.77,27.01,26.77,26.92,26.865107,104400
19/06/2017,26.99,27.139999,26.799999,26.879999,26.825188,83100
20/06/2017,26.799999,27.16,26.610001,26.76,26.705433,58200
21/06/2017,26.780001,26.84,26.49,26.559999,26.50584,81900
22/06/2017,26.59,26.709999,26.42,26.549999,26.495861,29700
23/06/2017,26.639999,26.709999,26.4,26.629999,26.575697,185600
26/06/2017,26.639999,26.93,26.610001,26.82,26.76531,124800
27/06/2017,26.67,26.959999,26.67,26.790001,26.735373,40900
28/06/2017,26.879999,26.969999,26.76,26.85,26.79525,30400
29/06/2017,26.780001,26.99,26.690001,26.99,26.934963,53000
30/06/2017,27,27.08,26.76,26.959999,26.905024,53000
03/07/2017,27,27.26,27,27.219999,27.164494,26400
05/07/2017,27.209999,27.42,26.709999,26.98,26.924984,92500
06/07/2017,26.93,26.93,26.51,26.57,26.51582,85800
07/07/2017,26.59,26.93,26.59,26.879999,26.825188,82200
10/07/2017,26.870001,27.02,26.370001,26.43,26.376106,52600
11/07/2017,26.42,26.549999,26.200001,26.379999,26.326206,65000
12/07/2017,26.5,27.049999,26.4,26.530001,26.475903,68600
13/07/2017,26.530001,26.82,26.27,26.82,26.76531,70000
14/07/2017,26.809999,27.209999,26.450001,26.700001,26.645555,62100
17/07/2017,26.690001,27.049999,26.540001,26.690001,26.635576,107200
18/07/2017,26.68,26.879999,26.110001,26.23,26.176514,127300
19/07/2017,26.219999,26.51,26.209999,26.360001,26.30625,108000
20/07/2017,26.389999,26.450001,26.120001,26.35,26.296268,41200
21/07/2017,26.540001,26.610001,26.23,26.389999,26.336187,87600
24/07/2017,26.379999,26.59,26.200001,26.540001,26.485882,303700
25/07/2017,26.6,27.059999,26.469999,26.799999,26.74535,86800
26/07/2017,26.82,26.82,26.41,26.49,26.435984,68000
27/07/2017,25.6,26.08,24.07,24.23,24.180592,317900
28/07/2017,24.09,24.940001,23.59,24.91,24.859205,455900
31/07/2017,24.9,25.08,24.370001,24.389999,24.340265,172100
01/08/2017,24.540001,24.73,24.34,24.709999,24.659613,90500
02/08/2017,24.77,24.860001,24.57,24.83,24.779367,237100
03/08/2017,24.860001,24.969999,24.68,24.77,24.719492,61800
04/08/2017,24.76,24.889999,24.549999,24.620001,24.569798,72900
07/08/2017,24.610001,24.799999,24.16,24.24,24.190571,100900
08/08/2017,24.219999,24.84,24.1,24.32,24.270409,84400
09/08/2017,24.200001,24.549999,23.73,24.52,24.470001,78000
10/08/2017,24.389999,24.59,24.27,24.34,24.34,44300
11/08/2017,24.84,24.91,24.190001,24.219999,24.219999,122500
14/08/2017,24.27,24.65,24.27,24.48,24.48,50800
15/08/2017,24.51,24.51,24,24.07,24.07,116200
16/08/2017,24.110001,24.59,24.110001,24.17,24.17,54600
17/08/2017,24.09,24.4,23.9,23.92,23.92,59400
18/08/2017,23.83,24.35,23.67,24.15,24.15,60900
21/08/2017,24.139999,24.16,23.959999,24.110001,24.110001,43900
22/08/2017,24.360001,24.52,23.959999,24.309999,24.309999,55800
23/08/2017,24.129999,24.51,23.77,24.280001,24.280001,126800
24/08/2017,24.41,24.959999,24.219999,24.34,24.34,131300
25/08/2017,24.26,24.799999,24.26,24.389999,24.389999,99500
28/08/2017,24.42,24.530001,24.08,24.299999,24.299999,99500
29/08/2017,24.24,24.52,24.190001,24.27,24.27,108000
30/08/2017,24.27,24.4,23.91,24.219999,24.219999,141200
31/08/2017,24.27,24.540001,24.27,24.49,24.49,223200
01/09/2017,24.51,24.58,24.290001,24.299999,24.299999,63300
05/09/2017,24.280001,24.5,24.049999,24.209999,24.209999,94300
06/09/2017,24.209999,24.32,23.9,23.959999,23.959999,83700
07/09/2017,24.02,24.059999,23.5,23.57,23.57,177800
08/09/2017,23.549999,23.889999,23.15,23.309999,23.309999,208800
11/09/2017,23.370001,23.67,23.370001,23.5,23.5,99500
12/09/2017,23.450001,24.110001,23.450001,23.91,23.91,74100
13/09/2017,23.879999,24.27,23.879999,24.15,24.15,125000
14/09/2017,24.129999,24.469999,23.780001,23.969999,23.969999,103100
15/09/2017,24,24.190001,23.799999,23.92,23.92,316100
18/09/2017,23.950001,24.35,23.889999,24.200001,24.200001,121500
19/09/2017,24.15,24.379999,24.110001,24.17,24.17,123300
20/09/2017,24.190001,24.74,24.040001,24.5,24.5,156900
21/09/2017,24.530001,24.98,24.51,24.9,24.9,187400